胸・おっぱいフェチ	おっぱいのレベル別 (30個)	ちっぱい	flat_chest	胸が平らで小さい
胸・おっぱいフェチ	おっぱいのレベル別 (30個)	小さい胸	small_breasts	小ぶりな胸
胸・おっぱいフェチ	おっぱいのレベル別 (30個)	ほのかなおっぱい	faint_breasts	ほのかに見える胸
胸・おっぱいフェチ	おっぱいのレベル別 (30個)	薄いおっぱい	subtle_breasts	薄くうっすら見える胸
胸・おっぱいフェチ	おっぱいのレベル別 (30個)	適度なおっぱい	medium_breasts	適度なボリューム
胸・おっぱいフェチ	おっぱいのレベル別 (30個)	中くらいのおっぱい	medium_breasts	中くらいのサイズ
胸・おっぱいフェチ	おっぱいのレベル別 (30個)	大きなおっぱい	large_breasts	大きな胸
胸・おっぱいフェチ	おっぱいのレベル別 (30個)	巨乳	huge_breasts	巨乳
胸・おっぱいフェチ	おっぱいのレベル別 (30個)	爆乳	massive_breasts	爆乳級
胸・おっぱいフェチ	おっぱいのレベル別 (30個)	ふっくら胸	full_breasts	ふっくらとした胸
胸・おっぱいフェチ	おっぱいのレベル別 (30個)	張りのあるおっぱい	perky_breasts	張りのある上向き胸
胸・おっぱいフェチ	おっぱいのレベル別 (30個)	柔らかいおっぱい	soft_breasts	柔らかそうなおっぱい
胸・おっぱいフェチ	おっぱいのレベル別 (30個)	丸い胸	round_breasts	丸い形の胸
胸・おっぱいフェチ	おっぱいのレベル別 (30個)	つぶれた胸	saggy_breasts	たるんだ胸
胸・おっぱいフェチ	おっぱいのレベル別 (30個)	重みのあるおっぱい	heavy_breasts	重力で垂れ気味
胸・おっぱいフェチ	おっぱいのレベル別 (30個)	ぷるんとしたおっぱい	jiggly_breasts	ぷるぷる揺れる胸
胸・おっぱいフェチ	おっぱいのレベル別 (30個)	つるつるおっぱい	smooth_breasts	つるつるの肌
胸・おっぱいフェチ	おっぱいのレベル別 (30個)	胸の谷間	cleavage	胸の谷間
胸・おっぱいフェチ	おっぱいのレベル別 (30個)	深い谷間	deep_cleavage	深い胸の谷間
胸・おっぱいフェチ	おっぱいのレベル別 (30個)	胸のハイライト	breast_highlights	胸に光が当たる
胸・おっぱいフェチ	おっぱいのレベル別 (30個)	胸の光沢	glossy_breasts	つやのある胸
胸・おっぱいフェチ	おっぱいのレベル別 (30個)	汗ばんだおっぱい	sweaty_breasts	汗ばんだおっぱい
胸・おっぱいフェチ	おっぱいのレベル別 (30個)	胸に光	breast_shine	胸のハイライト
胸・おっぱいフェチ	おっぱいのレベル別 (30個)	非対称胸	asymmetrical_breasts	左右で異なるサイズ
胸・おっぱいフェチ	おっぱいのレベル別 (30個)	張り感	perkiness	上向きの張り
胸・おっぱいフェチ	おっぱいのレベル別 (30個)	重力感	breast_weight	重みのある胸
胸・おっぱいフェチ	おっぱいのレベル別 (30個)	敏感おっぱい	sensitive_breasts	敏感そうな胸
胸・おっぱいフェチ	おっぱいのレベル別 (30個)	完璧おっぱい	perfect_breasts	理想的な形の胸
胸・おっぱいフェチ	おっぱいのレベル別 (30個)	乳輪大	large_areola	大きな乳輪
胸・おっぱいフェチ	おっぱいのレベル別 (30個)	乳首立ってる	erect_nipples	勃起した乳首
胸・おっぱいフェチ	おっぱいを見せるアイテム・衣装 (15個)	ビキニトップ	bikini_top	ビキニで胸強調
胸・おっぱいフェチ	おっぱいを見せるアイテム・衣装 (15個)	マイクロビキニ	micro_bikini	極小ビキニ
胸・おっぱいフェチ	おっぱいを見せるアイテム・衣装 (15個)	透けブラ	see-through_bra	透けるブラ
胸・おっぱいフェチ	おっぱいを見せるアイテム・衣装 (15個)	胸開き服	cleavage_revealing	胸元開いた服
胸・おっぱいフェチ	おっぱいを見せるアイテム・衣装 (15個)	オフショルダー	off-shoulder	肩出しで胸見せ
胸・おっぱいフェチ	おっぱいを見せるアイテム・衣装 (15個)	チューブトップ	tube_top	胸を支えるトップ
胸・おっぱいフェチ	おっぱいを見せるアイテム・衣装 (15個)	ノーブラ	no_bra	ブラなしで揺れ
胸・おっぱいフェチ	おっぱいを見せるアイテム・衣装 (15個)	ネットブラ	mesh_bra	網目ブラ
胸・おっぱいフェチ	おっぱいを見せるアイテム・衣装 (15個)	レースブラ	lace_bra	レースのブラ
胸・おっぱいフェチ	おっぱいを見せるアイテム・衣装 (15個)	胸強調ドレス	low-cut_dress	胸元深いドレス
胸・おっぱいフェチ	おっぱいを見せるアイテム・衣装 (15個)	スポーツブラ	sports_bra	スポーツブラ
胸・おっぱいフェチ	おっぱいを見せるアイテム・衣装 (15個)	へそ出しトップ	crop_top	へそ出しで下胸見せ
胸・おっぱいフェチ	おっぱいを見せるアイテム・衣装 (15個)	横乳強調	sideboob_suit	横乳が見える服
胸・おっぱいフェチ	おっぱいを見せるアイテム・衣装 (15個)	下乳強調	underboob	下乳が見える衣装
胸・おっぱいフェチ	おっぱいを見せるアイテム・衣装 (15個)	胸カットアウト	breast_cutout	胸に穴開き衣装
胸・おっぱいフェチ	おっぱいフェチのシチュエーション (14個)	正面アングル	front_view_breasts	正面から胸強調
胸・おっぱいフェチ	おっぱいフェチのシチュエーション (14個)	上からアングル	downshot_breasts	上から見下ろし
胸・おっぱいフェチ	おっぱいフェチのシチュエーション (14個)	下からアングル	upshot_breasts	下から見上げ
胸・おっぱいフェチ	おっぱいフェチのシチュエーション (14個)	横アングル	side_view_breasts	横から胸の形
胸・おっぱいフェチ	おっぱいフェチのシチュエーション (14個)	胸揉み	breast_grab	胸を掴む
胸・おっぱいフェチ	おっぱいフェチのシチュエーション (14個)	パイズリ	paizuri	胸で挟む
胸・おっぱいフェチ	おっぱいフェチのシチュエーション (14個)	胸持ち上げ	breast_lift	自分で胸持ち上げ
胸・おっぱいフェチ	おっぱいフェチのシチュエーション (14個)	揺れる胸	bouncing_breasts	動いて揺れる
胸・おっぱいフェチ	おっぱいフェチのシチュエーション (14個)	胸圧迫	breasts_squeezed	胸を押しつぶす
胸・おっぱいフェチ	おっぱいフェチのシチュエーション (14個)	乳首アップ	nipple_close-up	乳首クローズアップ
胸・おっぱいフェチ	おっぱいフェチのシチュエーション (14個)	胸に汗	breasts_sweat_focus	胸の汗強調
胸・おっぱいフェチ	おっぱいフェチのシチュエーション (14個)	胸に光	breasts_highlight	胸のハイライト
胸・おっぱいフェチ	おっぱいフェチのシチュエーション (14個)	胸チラ	downblouse	胸チラ見え
胸・おっぱいフェチ	おっぱいフェチのシチュエーション (14個)	胸強調ポーズ	arms_under_breasts	腕で胸押し上げ
胸・おっぱいフェチ	おっぱいフェチの組み合わせプロンプト (12個)	おっぱい+ビキニ	huge_breasts, bikini_top	巨乳とビキニ
胸・おっぱいフェチ	おっぱいフェチの組み合わせプロンプト (12個)	おっぱい+透け	large_breasts, see-through_bra	透けブラ巨乳
胸・おっぱいフェチ	おっぱいフェチの組み合わせプロンプト (12個)	おっぱい+汗	glossy_breasts, sweaty	汗ばんだつや胸
胸・おっぱいフェチ	おっぱいフェチの組み合わせプロンプト (12個)	おっぱい+光	perfect_breasts, shine	光る理想胸
胸・おっぱいフェチ	おっぱいフェチの組み合わせプロンプト (12個)	おっぱい+揺れ	jiggly_breasts, bouncing	揺れる柔胸
胸・おっぱいフェチ	おっぱいフェチの組み合わせプロンプト (12個)	おっぱい+横乳	sideboob, large_breasts	横乳強調
胸・おっぱいフェチ	おっぱいフェチの組み合わせプロンプト (12個)	おっぱい+下乳	underboob, perky_breasts	下乳張り胸
胸・おっぱいフェチ	おっぱいフェチの組み合わせプロンプト (12個)	おっぱい+揉み	breast_grab, soft_breasts	揉まれる柔胸
胸・おっぱいフェチ	おっぱいフェチの組み合わせプロンプト (12個)	おっぱい+パイズリ	paizuri, massive_breasts	パイズリ爆乳
胸・おっぱいフェチ	おっぱいフェチの組み合わせプロンプト (12個)	おっぱい+持ち上げ	breast_lift, heavy_breasts	持ち上げ重胸
胸・おっぱいフェチ	おっぱいフェチの組み合わせプロンプト (12個)	おっぱい+乳首	erect_nipples, sensitive_breasts	勃起敏感乳首
胸・おっぱいフェチ	おっぱいフェチの組み合わせプロンプト (12個)	おっぱい+ノーブラ	no_bra, bouncing_breasts	ノーブラ揺れ胸
足・脚フェチ	脚のレベル別 (20個)	ほのかな脚線	faint_leg_line	ほのかに見える脚線美
足・脚フェチ	脚のレベル別 (20個)	薄い脚線美	subtle_leg_line	薄くうっすら見える脚線
足・脚フェチ	脚のレベル別 (20個)	適度な脚線美	defined_leg_line	はっきりした脚線美
足・脚フェチ	脚のレベル別 (20個)	美脚	beautiful_legs	美しい脚
足・脚フェチ	脚のレベル別 (20個)	長い脚	long_legs	脚が長い
足・脚フェチ	脚のレベル別 (20個)	脚線美	leg_line	脚のラインが美しい
足・脚フェチ	脚のレベル別 (20個)	太い脚	thick_thighs	ふっくらした太もも
足・脚フェチ	脚のレベル別 (20個)	細い脚	slim_legs	細い脚
足・脚フェチ	脚のレベル別 (20個)	ふっくら脚	plump_legs	ふっくらとした脚
足・脚フェチ	脚のレベル別 (20個)	筋肉質な脚	muscular_legs	筋肉のある脚
足・脚フェチ	脚のレベル別 (20個)	足首	ankle	足首を強調
足・脚フェチ	脚のレベル別 (20個)	ペディキュア	pedicure	足の爪が塗られている
足・脚フェチ	脚のレベル別 (20個)	足の指	toes	足の指
足・脚フェチ	脚のレベル別 (20個)	足の裏	sole_of_foot	足の裏
足・脚フェチ	脚のレベル別 (20個)	ふくらはぎ	calf	ふくらはぎ
足・脚フェチ	脚のレベル別 (20個)	太ももと脚	thighs_and_legs	太ももと脚全体
足・脚フェチ	脚のレベル別 (20個)	脚の付け根	thigh_gap	太ももの隙間
足・脚フェチ	脚のレベル別 (20個)	脚を開く	spread_legs	脚を広げた状態
足・脚フェチ	脚のレベル別 (20個)	脚を組む	crossed_legs	脚を組んだ状態
足・脚フェチ	脚のレベル別 (20個)	脚が光る	glossy_legs	つやのある脚
足・脚フェチ	脚を見せるアイテム・衣装 (17個)	サイハイソックス	thigh-high_socks	膝上のニーハイ、絶対領域に必須
足・脚フェチ	脚を見せるアイテム・衣装 (17個)	ニーハイソックス	knee-high_socks	膝下〜膝丈の長さ
足・脚フェチ	脚を見せるアイテム・衣装 (17個)	サイハイブーツ	thigh-high_boots	太ももまである長いブーツ
足・脚フェチ	脚を見せるアイテム・衣装 (17個)	ニーハイブーツ	knee-high_boots	膝丈のブーツ
足・脚フェチ	脚を見せるアイテム・衣装 (17個)	ストッキング	stockings	ストッキング
足・脚フェチ	脚を見せるアイテム・衣装 (17個)	タイツ	tights	黒タイツ
足・脚フェチ	脚を見せるアイテム・衣装 (17個)	レッグウォーマー	leg_warmers	レッグウォーマー
足・脚フェチ	脚を見せるアイテム・衣装 (17個)	アンクレット	ankle_bracelet	足首の飾り
足・脚フェチ	脚を見せるアイテム・衣装 (17個)	足首鎖	ankle_chain	足首にチェーン
足・脚フェチ	脚を見せるアイテム・衣装 (17個)	ミニスカート	mini_skirt	ミニスカート
足・脚フェチ	脚を見せるアイテム・衣装 (17個)	ホットパンツ	hot_pants	ホットパンツ
足・脚フェチ	脚を見せるアイテム・衣装 (17個)	レギンス	leggings	レギンス
足・脚フェチ	脚を見せるアイテム・衣装 (17個)	短パン	short_shorts	短いパンツ
足・脚フェチ	脚を見せるアイテム・衣装 (17個)	絶対領域	zettai_ryouiki	絶対領域（スカート+ニーハイの隙間）
足・脚フェチ	脚を見せるアイテム・衣装 (17個)	スリット	slit	スリット入りスカート
足・脚フェチ	脚を見せるアイテム・衣装 (17個)	ハイレグ水着	high-leg_swimsuit	ハイレグ水着
足・脚フェチ	脚を見せるアイテム・衣装 (17個)	サスペンダー	suspenders	サスペンダー付き衣装
足・脚フェチ	脚フェチのシチュエーション (12個)	立ちポーズ	standing	立った状態で脚を見せる
足・脚フェチ	脚フェチのシチュエーション (12個)	座ってる	sitting	座った状態で脚を見せる
足・脚フェチ	脚フェチのシチュエーション (12個)	脚を組んで	legs_crossed	脚を組んだ座り方
足・脚フェチ	脚フェチのシチュエーション (12個)	脚を伸ばす	legs_stretched	脚を伸ばした状態
足・脚フェチ	脚フェチのシチュエーション (12個)	ニーハイ強調	knee-high_focus	ニーハイが強調される角度
足・脚フェチ	脚フェチのシチュエーション (12個)	脚を上げる	legs_raised	脚を上げた状態
足・脚フェチ	脚フェチのシチュエーション (12個)	斜め角度	side_angle_leg_view	横からの脚のアングル
足・脚フェチ	脚フェチのシチュエーション (12個)	下からのアングル	upshot_legs	下から見上げた脚
足・脚フェチ	脚フェチのシチュエーション (12個)	脚を舐める	licking_legs	脚が舐められている状態
足・脚フェチ	脚フェチのシチュエーション (12個)	脚に触れる	touching_legs	脚に手が触れている
足・脚フェチ	脚フェチのシチュエーション (12個)	脚のアップ	close-up_legs	脚のクローズアップ
足・脚フェチ	脚フェチのシチュエーション (12個)	全身+脚強調	full_body, legs_emphasized	全身で脚が強調される
足・脚フェチ	脚フェチの組み合わせプロンプト (12個)	脚+ニーハイ	long_legs, knee-high_socks	脚線美とニーハイの組み合わせ
足・脚フェチ	脚フェチの組み合わせプロンプト (12個)	脚+絶対領域	beautiful_legs, zettai_ryouiki	脚と絶対領域
足・脚フェチ	脚フェチの組み合わせプロンプト (12個)	脚+ストッキング	glossy_legs, stockings	脚とストッキング
足・脚フェチ	脚フェチの組み合わせプロンプト (12個)	脚+ミニスカ	long_legs, mini_skirt	脚とミニスカートの組み合わせ
足・脚フェチ	脚フェチの組み合わせプロンプト (12個)	脚+光	beautiful_legs, glossy, shine	光が当たった脚
足・脚フェチ	脚フェチの組み合わせプロンプト (12個)	脚+汗	long_legs, sweaty, glistening	汗ばんだ脚
足・脚フェチ	脚フェチの組み合わせプロンプト (12個)	脚+座る	sitting, legs_emphasized, long_legs	座った状態で脚が見える
足・脚フェチ	脚フェチの組み合わせプロンプト (12個)	脚+ハイレグ水着	long_legs, high-leg_swimsuit	脚とハイレグ水着
足・脚フェチ	脚フェチの組み合わせプロンプト (12個)	脚+ホットパンツ	beautiful_legs, hot_pants	脚とホットパンツ
足・脚フェチ	脚フェチの組み合わせプロンプト (12個)	脚+レギンス	muscular_legs, leggings	脚とレギンス
足・脚フェチ	脚フェチの組み合わせプロンプト (12個)	脚+足首飾り	long_legs, ankle_bracelet	脚と足首の飾り
足・脚フェチ	脚フェチの組み合わせプロンプト (12個)	脚+ペディキュア	long_legs, pedicure, toes	脚とペディキュア
尻フェチ	お尻のレベル別 (18個)	ほのかなお尻	faint_butt	ほのかに見える尻の形
尻フェチ	お尻のレベル別 (18個)	薄いお尻	subtle_butt	薄くうっすら見えるお尻
尻フェチ	お尻のレベル別 (18個)	適度なお尻	moderate_butt	適度にボリュームのあるお尻
尻フェチ	お尻のレベル別 (18個)	大きなお尻	big_ass	大きなヒップ
尻フェチ	お尻のレベル別 (18個)	丸いお尻	round_ass	丸くてプリッとしたお尻
尻フェチ	お尻のレベル別 (18個)	桃尻	peachy_ass	桃のような形のお尻
尻フェチ	お尻のレベル別 (18個)	プリプリのお尻	jiggly_ass	ぷりぷりとしたお尻
尻フェチ	お尻のレベル別 (18個)	お尻を強調	ass_emphasis	お尻にフォーカス
尻フェチ	お尻のレベル別 (18個)	柔らかいお尻	soft_butt	柔らかそうなお尻
尻フェチ	お尻のレベル別 (18個)	上向きのお尻	perky_ass	上に向いたお尻
尻フェチ	お尻のレベル別 (18個)	お尻の谷間	butt_crack	お尻の割れ目
尻フェチ	お尻のレベル別 (18個)	ぼっこり突き出す	protruding_ass	突き出したお尻
尻フェチ	お尻のレベル別 (18個)	つるつるのお尻	smooth_ass	つるつるのお尻
尻フェチ	お尻のレベル別 (18個)	光沢のあるお尻	glossy_butt	つやのあるお尻
尻フェチ	お尻のレベル別 (18個)	お尻に汗	sweaty_ass	汗ばんだお尻
尻フェチ	お尻のレベル別 (18個)	お尻の輪郭	ass_outline	お尻の輪郭が強調
尻フェチ	お尻のレベル別 (18個)	セルライトなし	cellulite-free	綺麗なお尻
尻フェチ	お尻のレベル別 (18個)	ボリュームあり	voluminous_ass	ボリューム感のあるお尻
尻フェチ	お尻を見せるアイテム・衣装 (15個)	ホットパンツ	hot_pants	ホットパンツを履いた状態
尻フェチ	お尻を見せるアイテム・衣装 (15個)	タイト衣装	tight_outfit	お尻にぴったりした衣装
尻フェチ	お尻を見せるアイテム・衣装 (15個)	レギンス	leggings	レギンスでお尻を強調
尻フェチ	お尻を見せるアイテム・衣装 (15個)	ピタパン	skinny_pants	ぴったりしたパンツ
尻フェチ	お尻を見せるアイテム・衣装 (15個)	ミニスカート	mini_skirt	ミニスカート
尻フェチ	お尻を見せるアイテム・衣装 (15個)	スカート短め	short_skirt	スカートが短い
尻フェチ	お尻を見せるアイテム・衣装 (15個)	ビキニボトム	bikini_bottom	ビキニのボトム
尻フェチ	お尻を見せるアイテム・衣装 (15個)	Tバック	thong	Tバック状の水着
尻フェチ	お尻を見せるアイテム・衣装 (15個)	ハイレグ水着	high-leg_swimsuit	ハイレグ水着
尻フェチ	お尻を見せるアイテム・衣装 (15個)	ボディースーツ	bodysuit	ぴったりしたボディースーツ
尻フェチ	お尻を見せるアイテム・衣装 (15個)	レースショーツ	lace_shorts	レースのショーツ
尻フェチ	お尻を見せるアイテム・衣装 (15個)	スリング水着	slingshot_swimsuit	スリングショット水着
尻フェチ	お尻を見せるアイテム・衣装 (15個)	半脱ぎ	half_undressed	衣装を半分脱いだ状態
尻フェチ	お尻を見せるアイテム・衣装 (15個)	スカートめくれ	skirt_lift	スカートがめくれた状態
尻フェチ	お尻を見せるアイテム・衣装 (15個)	透け素材	see-through	透ける素材
尻フェチ	お尻フェチのシチュエーション (14個)	後ろからのアングル	back_view	背中とお尻を見せる
尻フェチ	お尻フェチのシチュエーション (14個)	立ちポーズ	standing	立った状態でお尻を見せる
尻フェチ	お尻フェチのシチュエーション (14個)	座りポーズ	sitting	座った状態でお尻を見せる
尻フェチ	お尻フェチのシチュエーション (14個)	前かがみ	bending_forward	前かがみでお尻を強調
尻フェチ	お尻フェチのシチュエーション (14個)	腰を上げる	butt_up	腰を上げた状態
尻フェチ	お尻フェチのシチュエーション (14個)	膝立ち	on_knees	膝立ちでお尻を見せる
尻フェチ	お尻フェチのシチュエーション (14個)	うつぶせ	lying_face_down	うつぶせでお尻が見える
尻フェチ	お尻フェチのシチュエーション (14個)	横向き	lying_on_side	横向きでお尻が見える
尻フェチ	お尻フェチのシチュエーション (14個)	四つん這い	on_all_fours	四つん這いでお尻を強調
尻フェチ	お尻フェチのシチュエーション (14個)	下からのアングル	upshot_ass	下から見上げたお尻
尻フェチ	お尻フェチのシチュエーション (14個)	上からのアングル	downshot_ass	上から見下ろしたお尻
尻フェチ	お尻フェチのシチュエーション (14個)	横からのアングル	side_view	横からのお尻
尻フェチ	お尻フェチのシチュエーション (14個)	パンチラ	panty_shot	パンツが見える角度
尻フェチ	お尻フェチのシチュエーション (14個)	スカート短め強調	short_skirt, ass_emphasis	短いスカートでお尻が見える
尻フェチ	お尻フェチの組み合わせプロンプト (12個)	お尻+ホットパンツ	big_ass, hot_pants	お尻とホットパンツ
尻フェチ	お尻フェチの組み合わせプロンプト (12個)	お尻+ミニスカ	round_ass, mini_skirt	お尻とミニスカートの組み合わせ
尻フェチ	お尻フェチの組み合わせプロンプト (12個)	お尻+レギンス	butt_emphasis, leggings	お尻とレギンス
尻フェチ	お尻フェチの組み合わせプロンプト (12個)	お尻+光	glossy_ass, shine	光が当たったお尻
尻フェチ	お尻フェチの組み合わせプロンプト (12個)	お尻+汗	sweaty_ass, glistening	汗ばんだお尻
尻フェチ	お尻フェチの組み合わせプロンプト (12個)	お尻+ビキニ	big_ass, bikini_bottom	お尻とビキニ
尻フェチ	お尻フェチの組み合わせプロンプト (12個)	お尻+パンチラ	ass_emphasis, panty_shot	お尻とパンツが見える角度
尻フェチ	お尻フェチの組み合わせプロンプト (12個)	お尻+透け	butt_outline, see-through	お尻と透け素材
尻フェチ	お尻フェチの組み合わせプロンプト (12個)	お尻+タイツ	butt_emphasis, tights	お尻とタイツ
尻フェチ	お尻フェチの組み合わせプロンプト (12個)	お尻+腰	butt_focus, slim_waist	お尻と腰のラインが強調
尻フェチ	お尻フェチの組み合わせプロンプト (12個)	お尻+足	butt_up, beautiful_legs	お尻と脚の両方が見える
尻フェチ	お尻フェチの組み合わせプロンプト (12個)	お尻+膝立ち	on_knees, ass_emphasis	膝立ちでお尻が強調
腋フェチ	腋のレベル別 (15個)	うっすら腋	faint_armpits	ほのかに見える腋
腋フェチ	腋のレベル別 (15個)	薄い腋	subtle_armpits	薄くうっすら見える腋
腋フェチ	腋のレベル別 (15個)	つるつる腋	smooth_armpits	つるつるの腋
腋フェチ	腋のレベル別 (15個)	つやつや腋	glossy_armpits	つやのある腋
腋フェチ	腋のレベル別 (15個)	白い腋	fair_armpits	白い腋
腋フェチ	腋のレベル別 (15個)	薄いピンク腋	light_pink_armpits	薄いピンク色の腋
腋フェチ	腋のレベル別 (15個)	敏感そう	sensitive_armpits	敏感そうな腋
腋フェチ	腋のレベル別 (15個)	腋毛なし	hairless_armpits	つるつるな腋
腋フェチ	腋のレベル別 (15個)	薄い腋毛	light_armpit_hair	薄い腋毛
腋フェチ	腋のレベル別 (15個)	汗ばんだ腋	sweaty_armpits	汗ばんだ腋
腋フェチ	腋のレベル別 (15個)	濡れた腋	wet_armpits	濡れている腋
腋フェチ	腋のレベル別 (15個)	赤い腋	flushed_armpits	赤くなっている腋
腋フェチ	腋のレベル別 (15個)	腋の香り	fragrant_armpits	香りのある腋
腋フェチ	腋のレベル別 (15個)	炎上腋	heated_armpits	熱を帯びている腋
腋フェチ	腋のレベル別 (15個)	ふっくら腋	plump_armpits	ふっくらした腋
腋フェチ	腋を見せるアイテム・衣装 (12個)	ノースリーブ	sleeveless	ノースリーブで腋が見える
腋フェチ	腋を見せるアイテム・衣装 (12個)	タンクトップ	tank_top	タンクトップで腋が見える
腋フェチ	腋を見せるアイテム・衣装 (12個)	キャミソール	camisole	キャミソールで腋が見える
腋フェチ	腋を見せるアイテム・衣装 (12個)	体操着	gym_clothes	体操着で腋が見える
腋フェチ	腋を見せるアイテム・衣装 (12個)	ビキニトップ	bikini_top	ビキニのトップで腋が見える
腋フェチ	腋を見せるアイテム・衣装 (12個)	制服	school_uniform	制服で腋が見える
腋フェチ	腋を見せるアイテム・衣装 (12個)	メイド服	maid_outfit	メイド服で腋が見える
腋フェチ	腋を見せるアイテム・衣装 (12個)	浴衣	yukata	浴衣で腋が見える
腋フェチ	腋を見せるアイテム・衣装 (12個)	ノースリーブドレス	sleeveless_dress	袖のないドレス
腋フェチ	腋を見せるアイテム・衣装 (12個)	スポーツブラ	sports_bra	スポーツブラで腋が見える
腋フェチ	腋を見せるアイテム・衣装 (12個)	T字形服	t-shirt	Tシャツで腋が見える
腋フェチ	腋を見せるアイテム・衣装 (12個)	袖なし衣装	armless_outfit	袖がない衣装
腋フェチ	腋フェチのシチュエーション (13個)	腕を上げた	arms_raised	腕を上げて腋を露出
腋フェチ	腋フェチのシチュエーション (13個)	腕を頭の後ろ	arms_behind_head	腕を頭の後ろで腋を見せる
腋フェチ	腋フェチのシチュエーション (13個)	両腕上げ	both_arms_up	両腕を上げた状態
腋フェチ	腋フェチのシチュエーション (13個)	腕を横に	arms_to_side	腕を横に広げた状態
腋フェチ	腋フェチのシチュエーション (13個)	腕を後ろに組む	arms_clasped_behind	腕を後ろに組んだ状態
腋フェチ	腋フェチのシチュエーション (13個)	起き上がり	sitting_up	起き上がった状態で腋が見える
腋フェチ	腋フェチのシチュエーション (13個)	横向き	lying_on_side	横向きで腋が見える
腋フェチ	腋フェチのシチュエーション (13個)	仰向け	lying_on_back	仰向けで腋が見える
腋フェチ	腋フェチのシチュエーション (13個)	前かがみ	bending_forward	前かがみで腋が見える
腋フェチ	腋フェチのシチュエーション (13個)	体操着で腋見せ	gym_clothes, armpits	体操着で腋が見える
腋フェチ	腋フェチのシチュエーション (13個)	浴衣で腋見せ	yukata, armpits	浴衣で腋が見える
腋フェチ	腋フェチのシチュエーション (13個)	制服で腋見せ	school_uniform, armpits	制服で腋が見える
腋フェチ	腋フェチのシチュエーション (13個)	アップ視点	close-up_armpits	腋のアップ
腋フェチ	腋フェチの組み合わせプロンプト (12個)	腋+汗	exposed_armpits, sweaty, glistening	腋と汗
腋フェチ	腋フェチの組み合わせプロンプト (12個)	腋+光	armpits, glossy, shine	光が当たった腋
腋フェチ	腋フェチの組み合わせプロンプト (12個)	腋+制服	exposed_armpits, school_uniform	腋と制服の組み合わせ
腋フェチ	腋フェチの組み合わせプロンプト (12個)	腋+体操着	armpits_exposed, gym_clothes	腋と体操着
腋フェチ	腋フェチの組み合わせプロンプト (12個)	腋+両腕上げ	both_arms_up, exposed_armpits	両腕を上げて腋を見せる
腋フェチ	腋フェチの組み合わせプロンプト (12個)	腋+ノースリーブ	sleeveless, exposed_armpits	ノースリーブで腋が見える
腋フェチ	腋フェチの組み合わせプロンプト (12個)	腋+浴衣	yukata, armpit_exposure	浴衣で腋が見える
腋フェチ	腋フェチの組み合わせプロンプト (12個)	腋+香り	armpits, fragrant	腋の香りが強調される
腋フェチ	腋フェチの組み合わせプロンプト (12個)	腋+メイド	maid_outfit, exposed_armpits	メイド服で腋が見える
腋フェチ	腋フェチの組み合わせプロンプト (12個)	腋+ビキニ	bikini, exposed_armpits	ビキニで腋が見える
腋フェチ	腋フェチの組み合わせプロンプト (12個)	腋+スポーツ	sports_bra, armpits_emphasized	スポーツ衣装で腋が見える
腋フェチ	腋フェチの組み合わせプロンプト (12個)	腋+起き上がり	sitting_up, armpit_view	起き上がった状態で腋が見える
首・喉フェチ	首・喉のレベル別 (16個)	ほのかな首	faint_neck_line	ほのかに見える首のライン
首・喉フェチ	首・喉のレベル別 (16個)	薄い首	subtle_neck	薄くうっすら見える首
首・喉フェチ	首・喉のレベル別 (16個)	きれいな首	beautiful_neck	きれいな首筋
首・喉フェチ	首・喉のレベル別 (16個)	長い首	long_neck	長い首
首・喉フェチ	首・喉のレベル別 (16個)	優雅な首	graceful_neck	優雅な首
首・喉フェチ	首・喉のレベル別 (16個)	白い首	fair_neck	白い首
首・喉フェチ	首・喉のレベル別 (16個)	しなやかな首	slender_neck	しなやかな首
首・喉フェチ	首・喉のレベル別 (16個)	華奢な首	delicate_neck	華奢な首
首・喉フェチ	首・喉のレベル別 (16個)	首の筋	neck_tendons	首の筋が見える
首・喉フェチ	首・喉のレベル別 (16個)	喉ぼとけ	adam's_apple_area	喉ぼとけが強調される
首・喉フェチ	首・喉のレベル別 (16個)	喉元	throat	喉の前側
首・喉フェチ	首・喉のレベル別 (16個)	首の後ろ	nape_of_neck	首の後ろ側
首・喉フェチ	首・喉のレベル別 (16個)	首に汗	sweaty_neck	汗ばんだ首
首・喉フェチ	首・喉のレベル別 (16個)	首に光	glossy_neck	つやのある首
首・喉フェチ	首・喉のレベル別 (16個)	首の香り	fragrant_neck	香りのある首
首・喉フェチ	首・喉のレベル別 (16個)	敏感な首	sensitive_neck	敏感そうな首
首・喉フェチ	首・喉を見せるアイテム・衣装 (11個)	首輪	collar	首輪をしている
首・喉フェチ	首・喉を見せるアイテム・衣装 (11個)	チョーカー	choker	チョーカーを着用
首・喉フェチ	首・喉を見せるアイテム・衣装 (11個)	ネックレス	necklace	ネックレスをしている
首・喉フェチ	首・喉を見せるアイテム・衣装 (11個)	リボン	ribbon	リボンで首を飾っている
首・喉フェチ	首・喉を見せるアイテム・衣装 (11個)	鎖	chain	鎖が巻きついている
首・喉フェチ	首・喉を見せるアイテム・衣装 (11個)	ハイネック解く	open_high_neck	ハイネックが開いている
首・喉フェチ	首・喉を見せるアイテム・衣装 (11個)	オフショルダー	off-shoulder	オフショルダー衣装
首・喉フェチ	首・喉を見せるアイテム・衣装 (11個)	ホルター	halter_top	ホルターネック衣装
首・喉フェチ	首・喉を見せるアイテム・衣装 (11個)	スカーフ	scarf	スカーフを巻いている
首・喉フェチ	首・喉を見せるアイテム・衣装 (11個)	首の露出	exposed_neck	首が見える衣装
首・喉フェチ	首・喉を見せるアイテム・衣装 (11個)	バックレス	backless	後ろの首が見える
首・喉フェチ	首・喉フェチのシチュエーション (14個)	首をかしげる	head_tilt	首を傾けた仕草
首・喉フェチ	首・喉フェチのシチュエーション (14個)	首を伸ばす	neck_stretch	首を伸ばしている
首・喉フェチ	首・喉フェチのシチュエーション (14個)	首に手をあてる	hand_on_neck	首に手が触れている
首・喉フェチ	首・喉フェチのシチュエーション (14個)	首をなでる	stroking_neck	首をなでている
首・喉フェチ	首・喉フェチのシチュエーション (14個)	首に口づけ	kissing_neck	首にキスをしている
首・喉フェチ	首・喉フェチのシチュエーション (14個)	首を舐める	licking_neck	首が舐められている
首・喉フェチ	首・喉フェチのシチュエーション (14個)	横向き	side_profile	横向きで首が見える
首・喉フェチ	首・喉フェチのシチュエーション (14個)	上を向く	looking_up	上を向いて首が見える
首・喉フェチ	首・喉フェチのシチュエーション (14個)	下を向く	looking_down	下を向いて首が見える
首・喉フェチ	首・喉フェチのシチュエーション (14個)	後ろ向き	back_view	後ろ向きで首の後ろが見える
首・喉フェチ	首・喉フェチのシチュエーション (14個)	首をしめる	collar_grip	首を握られている
首・喉フェチ	首・喉フェチのシチュエーション (14個)	首に装飾	neck_decoration	首に装飾がある
首・喉フェチ	首・喉フェチのシチュエーション (14個)	うなじ	nape_of_neck_focus	うなじが強調
首・喉フェチ	首・喉フェチのシチュエーション (14個)	首のアップ	close-up_neck	首のクローズアップ
首・喉フェチ	首・喉フェチの組み合わせプロンプト (12個)	首+チョーカー	exposed_neck, choker	首とチョーカー
首・喉フェチ	首・喉フェチの組み合わせプロンプト (12個)	首+ネックレス	beautiful_neck, necklace	首とネックレス
首・喉フェチ	首・喉フェチの組み合わせプロンプト (12個)	首+汗	sweaty_neck, glistening	汗ばんだ首
首・喉フェチ	首・喉フェチの組み合わせプロンプト (12個)	首+光	glossy_neck, shine	光が当たった首
首・喉フェチ	首・喉フェチの組み合わせプロンプト (12個)	首+傾ける	head_tilt, exposed_neck	首を傾けた状態
首・喉フェチ	首・喉フェチの組み合わせプロンプト (12個)	首+横向き	side_profile, beautiful_neck	横向きで首が見える
首・喉フェチ	首・喉フェチの組み合わせプロンプト (12個)	首+キス	kissing_neck, lip_marks	首にキスマークがある
首・喉フェチ	首・喉フェチの組み合わせプロンプト (12個)	首+赤い	flushed_neck, blushing	赤くなっている首
首・喉フェチ	首・喉フェチの組み合わせプロンプト (12個)	首+リボン	neck_ribbon, beautiful_neck	首とリボンの組み合わせ
首・喉フェチ	首・喉フェチの組み合わせプロンプト (12個)	首+長さ強調	long_neck, elegant	長さが強調される首
首・喉フェチ	首・喉フェチの組み合わせプロンプト (12個)	首+オフショルダー	off-shoulder, neck_exposed	オフショルダーで首が見える
首・喉フェチ	首・喉フェチの組み合わせプロンプト (12個)	首+装飾品	decorated_neck, collar	首に装飾がある
手・指フェチ	手・指のレベル別 (16個)	ほのかな手	faint_hands	ほのかに見える手
手・指フェチ	手・指のレベル別 (16個)	薄い手	subtle_hands	薄くうっうら見える手
手・指フェチ	手・指のレベル別 (16個)	きれいな手	beautiful_hands	きれいな手
手・指フェチ	手・指のレベル別 (16個)	長い指	long_fingers	指が長い
手・指フェチ	手・指のレベル別 (16個)	細い指	slender_fingers	細い指
手・指フェチ	手・指のレベル別 (16個)	優雅な手	graceful_hands	優雅な手
手・指フェチ	手・指のレベル別 (16個)	白い手	fair_hands	白い手
手・指フェチ	手・指のレベル別 (16個)	手の甲	back_of_hand	手の甲が見える
手・指フェチ	手・指のレベル別 (16個)	手のひら	palm	手のひらが見える
手・指フェチ	手・指のレベル別 (16個)	指先	fingertips	指先
手・指フェチ	手・指のレベル別 (16個)	爪	nails	爪が見える
手・指フェチ	手・指のレベル別 (16個)	関節	knuckles	関節が見える
手・指フェチ	手・指のレベル別 (16個)	手の筋	hand_veins	手の血管が見える
手・指フェチ	手・指のレベル別 (16個)	手の光	glossy_hands	つやのある手
手・指フェチ	手・指のレベル別 (16個)	敏感な手	sensitive_hands	敏感そうな手
手・指フェチ	手・指のレベル別 (16個)	手の香り	fragrant_hands	香りのある手
手・指フェチ	手・指を見せるアイテム・装飾 (13個)	ネイル	nail_polish	爪が塗られている
手・指フェチ	手・指を見せるアイテム・装飾 (13個)	赤いネイル	red_nails	赤いマニキュア
手・指フェチ	手・指を見せるアイテム・装飾 (13個)	淡いネイル	pale_nail_polish	淡いネイル
手・指フェチ	手・指を見せるアイテム・装飾 (13個)	ビジューネイル	jeweled_nails	宝石が付いたネイル
手・指フェチ	手・指を見せるアイテム・装飾 (13個)	ブレスレット	bracelet	腕輪をしている
手・指フェチ	手・指を見せるアイテム・装飾 (13個)	リング	ring	指輪をしている
手・指フェチ	手・指を見せるアイテム・装飾 (13個)	手首飾り	wrist_ornament	手首に飾り
手・指フェチ	手・指を見せるアイテム・装飾 (13個)	アーム飾り	arm_jewelry	腕に飾り
手・指フェチ	手・指を見せるアイテム・装飾 (13個)	手袋	gloves	手袋をしている
手・指フェチ	手・指を見せるアイテム・装飾 (13個)	指輪が複数	multiple_rings	複数の指輪
手・指フェチ	手・指を見せるアイテム・装飾 (13個)	爪が長い	long_nails	爪が長い
手・指フェチ	手・指を見せるアイテム・装飾 (13個)	フレンチネイル	french_nails	フレンチネイル
手・指フェチ	手・指を見せるアイテム・装飾 (13個)	爪が白い	white_tips	爪の先が白い
手・指フェチ	手・指フェチのシチュエーション (14個)	指をくわえる	finger_in_mouth	指を口に入れている
手・指フェチ	手・指フェチのシチュエーション (14個)	指を立てる	pointing_finger	指を立てた手
手・指フェチ	手・指フェチのシチュエーション (14個)	ピースサイン	peace_sign	ピースサインをしている
手・指フェチ	手・指フェチのシチュエーション (14個)	手を握る	holding_hands	手を繋ぐ
手・指フェチ	手・指フェチのシチュエーション (14個)	握拳	clenched_fist	拳を握っている
手・指フェチ	手・指フェチのシチュエーション (14個)	手を広げる	hand_spread	手を広げた状態
手・指フェチ	手・指フェチのシチュエーション (14個)	手をなでる	stroking_hands	手をなでている
手・指フェチ	手・指フェチのシチュエーション (14個)	手に口づけ	kiss_on_hand	手にキスをしている
手・指フェチ	手・指フェチのシチュエーション (14個)	手を舐める	licking_hands	手が舐められている
手・指フェチ	手・指フェチのシチュエーション (14個)	手の仕草	hand_gesture	優雅な手の動き
手・指フェチ	手・指フェチのシチュエーション (14個)	手を触る	touching_hands	手が触れ合っている
手・指フェチ	手・指フェチのシチュエーション (14個)	手を握られる	held_hands	手を握られている
手・指フェチ	手・指フェチのシチュエーション (14個)	手のアップ	close-up_hands	手のクローズアップ
手・指フェチ	手・指フェチのシチュエーション (14個)	指を立てる仕草	finger_pointing	指を指している
手・指フェチ	手・指フェチの組み合わせプロンプト (12個)	手+ネイル	beautiful_hands, red_nails	手と赤いネイル
手・指フェチ	手・指フェチの組み合わせプロンプト (12個)	手+ブレスレット	beautiful_hands, bracelet	手とブレスレット
手・指フェチ	手・指フェチの組み合わせプロンプト (12個)	手+指輪	long_fingers, rings	指と指輪
手・指フェチ	手・指フェチの組み合わせプロンプト (12個)	手+口	finger_in_mouth, red_lips	指と唇の組み合わせ
手・指フェチ	手・指フェチの組み合わせプロンプト (12個)	手+光	glossy_hands, shine	光が当たった手
手・指フェチ	手・指フェチの組み合わせプロンプト (12個)	手+汗	sweaty_hands, glistening	汗ばんだ手
手・指フェチ	手・指フェチの組み合わせプロンプト (12個)	手+ピース	peace_sign, red_nails	ピースサインとネイル
手・指フェチ	手・指フェチの組み合わせプロンプト (12個)	手+握手	holding_hands, interlocked_fingers	手を繋いだ状態
手・指フェチ	手・指フェチの組み合わせプロンプト (12個)	手+首	beautiful_hands, wrist_ornament	手と手首飾り
手・指フェチ	手・指フェチの組み合わせプロンプト (12個)	手+グローブ	gloved_hands, elegant	手袋をした手
手・指フェチ	手・指フェチの組み合わせプロンプト (12個)	手+優雅	graceful_hands, elegant_gesture	優雅な手の仕草
手・指フェチ	手・指フェチの組み合わせプロンプト (12個)	手+長さ強調	long_fingers, extended	指の長さが強調
腹筋フェチ	腹筋レベル別 (18個)	うっすら腹筋	faint_abs	ほのかに見える腹筋
腹筋フェチ	腹筋レベル別 (18個)	縦線うっすら	subtle_six-pack	薄くうっすら見える縦線
腹筋フェチ	腹筋レベル別 (18個)	軽い筋肉	light_muscle_definition	適度な筋肉の定義
腹筋フェチ	腹筋レベル別 (18個)	筋肉質	muscular	はっきりした筋肉
腹筋フェチ	腹筋レベル別 (18個)	きれいな腹筋	defined_abs	明確に浮かび上がった腹筋
腹筋フェチ	腹筋レベル別 (18個)	シックスパック	six_pack_abs	6つに割れた腹筋
腹筋フェチ	腹筋レベル別 (18個)	くっきり腹筋	deep_abs	深くて立体的な腹筋
腹筋フェチ	腹筋レベル別 (18個)	腹筋の縦線	vertical_abs_line	腹筋の縦の線が強調
腹筋フェチ	腹筋レベル別 (18個)	腹筋の横線	horizontal_ab_lines	横の線がはっきり
腹筋フェチ	腹筋レベル別 (18個)	アスリート系	athletic_build	アスレティックな体型
腹筋フェチ	腹筋レベル別 (18個)	ボディビルダー並み	bodybuilder_abs	極度に発達した腹筋
腹筋フェチ	腹筋レベル別 (18個)	腹筋全開	full_ab_display	腹筋が完全に見える
腹筋フェチ	腹筋レベル別 (18個)	へそ周り筋肉	navel_surrounded_by_muscle	へその周りの筋肉
腹筋フェチ	腹筋レベル別 (18個)	脇腹筋肉	oblique_muscles	脇腹の筋肉
腹筋フェチ	腹筋レベル別 (18個)	下腹部筋肉	lower_abs	下腹部の筋肉
腹筋フェチ	腹筋レベル別 (18個)	腹筋に汗	sweaty_abs	汗ばんだ腹筋
腹筋フェチ	腹筋レベル別 (18個)	腹筋の光	abs_shine	腹筋にハイライト
腹筋フェチ	腹筋レベル別 (18個)	腹筋と衣装	abs_from_clothing	衣装から見える腹筋
腹筋フェチ	腹筋を見せるアイテム・衣装 (20個)	へそ出しトップス	crop_top	腹筋が見える丈の短いトップス
腹筋フェチ	腹筋を見せるアイテム・衣装 (20個)	スポーツブラ	sports_bra	トレーニング系で腹筋が映える
腹筋フェチ	腹筋を見せるアイテム・衣装 (20個)	ブラトップ	bra_top	お腹まわりが出るトップス
腹筋フェチ	腹筋を見せるアイテム・衣装 (20個)	ショートトップ（丈短）	short_top	腹部が露出しやすい
腹筋フェチ	腹筋を見せるアイテム・衣装 (20個)	腹筋見せタンク	crop_tank_top	動きのある腹筋表現と相性いい
腹筋フェチ	腹筋を見せるアイテム・衣装 (20個)	オープンフロント	open_front	前が開いて腹筋が見える
腹筋フェチ	腹筋を見せるアイテム・衣装 (20個)	カットアウト衣装	cutout	腹部に切り抜きがあるデザイン
腹筋フェチ	腹筋を見せるアイテム・衣装 (20個)	へそカット	navel_cutout	へそ周りが見える切り抜き
腹筋フェチ	腹筋を見せるアイテム・衣装 (20個)	サイドカット（脇腹見せ）	side_cutout	脇腹〜腹斜筋が見えやすい
腹筋フェチ	腹筋を見せるアイテム・衣装 (20個)	サイドタイ衣装	side-tie	横腹の露出を作りやすい
腹筋フェチ	腹筋を見せるアイテム・衣装 (20個)	ビキニトップ	bikini_top	腹筋が全面に見える組み合わせ
腹筋フェチ	腹筋を見せるアイテム・衣装 (20個)	ローライズボトム	low_waist	腹筋下部〜へそが見えやすい
腹筋フェチ	腹筋を見せるアイテム・衣装 (20個)	ハイウエスト×へそ出し	high_waist, crop_top	ウエスト細見え＋腹筋強調
腹筋フェチ	腹筋を見せるアイテム・衣装 (20個)	ボディスーツ（腹部開き）	bodysuit, cutout	ピタッとした上で腹筋を見せる
腹筋フェチ	腹筋を見せるアイテム・衣装 (20個)	コンプレッションウェア	compression_shirt	筋肉のラインを出しやすいインナー
腹筋フェチ	腹筋を見せるアイテム・衣装 (20個)	タイト衣装（ピタ服）	tight_clothing	腹筋の凹凸が出やすい
腹筋フェチ	腹筋を見せるアイテム・衣装 (20個)	透け素材トップス	see-through_fabric	腹筋を“うっすら”見せたい時向け
腹筋フェチ	腹筋を見せるアイテム・衣装 (20個)	シースルー衣装	sheer	肌の陰影で腹筋が見えやすい
腹筋フェチ	腹筋を見せるアイテム・衣装 (20個)	メッシュトップス	mesh	スポーツ寄りで腹部の見せに強い
腹筋フェチ	腹筋を見せるアイテム・衣装 (20個)	オープンバック衣装	backless	背中・体幹の筋肉見せにもつながる
腹筋フェチ	腹筋フェチのシチュエーション (12個)	上半身脱ぎ	topless	上半身がない衣装
腹筋フェチ	腹筋フェチのシチュエーション (12個)	スポーツウェア	sports_bra	スポーツブラ
腹筋フェチ	腹筋フェチのシチュエーション (12個)	ビキニトップ	bikini_top	ビキニのトップ
腹筋フェチ	腹筋フェチのシチュエーション (12個)	へそ出し衣装	crop_top_navel	へそが出ている衣装
腹筋フェチ	腹筋フェチのシチュエーション (12個)	バンドエイド	bandage	バンドエイド衣装
腹筋フェチ	腹筋フェチのシチュエーション (12個)	ボディスーツ	bodysuit	ぴったりしたボディースーツ
腹筋フェチ	腹筋フェチのシチュエーション (12個)	体操着	gym_clothes	体操着
腹筋フェチ	腹筋フェチのシチュエーション (12個)	競泳水着	competition_swimsuit	競泳用水着
腹筋フェチ	腹筋フェチのシチュエーション (12個)	トレーニングウェア	athletic_wear	トレーニング衣装
腹筋フェチ	腹筋フェチのシチュエーション (12個)	後ろ身頃脱ぎ	backless	後ろが見える状態
腹筋フェチ	腹筋フェチのシチュエーション (12個)	横腹露出	side-tie	サイドが結ばれている衣装
腹筋フェチ	腹筋フェチのシチュエーション (12個)	腹筋強調ポーズ	flexing_pose	腹筋を強調するポーズ
腹筋フェチ	腹筋フェチの組み合わせプロンプト (10個)	腹筋+汗	defined_abs, sweaty, athletic	腹筋と汗
腹筋フェチ	腹筋フェチの組み合わせプロンプト (10個)	腹筋+光	six_pack_abs, glossy, shine	光が当たった腹筋
腹筋フェチ	腹筋フェチの組み合わせプロンプト (10個)	腹筋+へそ	defined_abs, exposed_navel	腹筋とへその強調
腹筋フェチ	腹筋フェチの組み合わせプロンプト (10個)	腹筋+へそピアス	six_pack_abs, navel_piercing	へそピアスと腹筋
腹筋フェチ	腹筋フェチの組み合わせプロンプト (10個)	腹筋+脇腹	abs, oblique_muscles, defined	腹筋と脇腹
腹筋フェチ	腹筋フェチの組み合わせプロンプト (10個)	腹筋+筋肉質体型	muscular_girl, athletic_build, abs	筋肉質な女性と腹筋
腹筋フェチ	腹筋フェチの組み合わせプロンプト (10個)	腹筋+スポーツ衣装	six_pack_abs, sports_bra, athletic_wear	スポーツ衣装と腹筋
腹筋フェチ	腹筋フェチの組み合わせプロンプト (10個)	腹筋+立ちポーズ	standing, abs_emphasized, arms_up	立ったポーズで腹筋強調
腹筋フェチ	腹筋フェチの組み合わせプロンプト (10個)	腹筋+うつぶせ	lying_on_abs, facing_down, six_pack	うつぶせで腹筋が見える
腹筋フェチ	腹筋フェチの組み合わせプロンプト (10個)	腹筋+腰	defined_abs, slim_waist, hip_focus	腹筋と腰のラインが強調
髪フェチ	髪の質感別 (16個)	ほのかなツヤ	faint_shine	ほのかに見えるツヤ
髪フェチ	髪の質感別 (16個)	薄いツヤ	subtle_shine	薄くうっすら見えるツヤ
髪フェチ	髪の質感別 (16個)	さらさら髪	silky_hair	つやのある髪
髪フェチ	髪の質感別 (16個)	しなやか	supple_hair	しなやかな髪
髪フェチ	髪の質感別 (16個)	柔らかい髪	soft_hair	柔らかそうな髪
髪フェチ	髪の質感別 (16個)	ふわふわ髪	fluffy_hair	ふわふわの髪
髪フェチ	髪の質感別 (16個)	サラサラ	smooth_hair	スムーズな髪
髪フェチ	髪の質感別 (16個)	ツヤツヤ	glossy_hair	つやのある髪
髪フェチ	髪の質感別 (16個)	光沢髪	lustrous_hair	光沢のある髪
髪フェチ	髪の質感別 (16個)	天使の髪	angelic_hair	天使のような髪
髪フェチ	髪の質感別 (16個)	絹のような髪	silken_hair	絹のような髪
髪フェチ	髪の質感別 (16個)	宝石のような髪	jewel-like_hair	宝石のような髪
髪フェチ	髪の質感別 (16個)	液体のような髪	flowing_hair	液体のように流れる髪
髪フェチ	髪の質感別 (16個)	香りのある髪	fragrant_hair	香りのある髪
髪フェチ	髪の質感別 (16個)	輝く髪	glowing_hair	光を反射する髪
髪フェチ	髪の質感別 (16個)	涼しい髪	cool_hair	涼しそうな髪
髪フェチ	髪への接触・動き (16個)	髪をなびかせる	hair_flowing	風になびく髪
髪フェチ	髪への接触・動き (16個)	髪をかき上げる	pushing_hair_back	髪を持ち上げている
髪フェチ	髪への接触・動き (16個)	髪をかき分ける	parting_hair	髪を分けている
髪フェチ	髪への接触・動き (16個)	髪を触る	touching_hair	髪に手をやる
髪フェチ	髪への接触・動き (16個)	髪をつかむ	grabbing_hair	髪を握っている
髪フェチ	髪への接触・動き (16個)	髪をなでる	stroking_hair	髪をなでている
髪フェチ	髪への接触・動き (16個)	髪を梳く	combing_hair	髪を梳いている
髪フェチ	髪への接触・動き (16個)	髪をほどく	undoing_hair	髪をほどいている
髪フェチ	髪への接触・動き (16個)	髪を流す	hair_cascading	髪が流れている
髪フェチ	髪への接触・動き (16個)	髪が顔にかかる	hair_over_face	髪が顔にかぶさっている
髪フェチ	髪への接触・動き (16個)	髪を持ち上げる	hair_lifted	髪を持ち上げている
髪フェチ	髪への接触・動き (16個)	髪を裁く	hair_being_cut	髪が裁かれている
髪フェチ	髪への接触・動き (16個)	髪が舞う	hair_particles	髪が舞っている
髪フェチ	髪への接触・動き (16個)	髪に風	hair_in_wind	髪に風が当たっている
髪フェチ	髪への接触・動き (16個)	髪をくくる	hair_being_tied	髪をくくっている
髪フェチ	髪への接触・動き (16個)	髪をほぐす	hair_being_brushed	髪を梳かれている
髪フェチ	髪フェチのシチュエーション (14個)	後ろ髪重視	back_hair_focus	後ろからの髪を見せる
髪フェチ	髪フェチのシチュエーション (14個)	髪が舞う	hair_floating	髪が舞っている
髪フェチ	髪フェチのシチュエーション (14個)	風になびく	wind_blown_hair	風になびく髪
髪フェチ	髪フェチのシチュエーション (14個)	髪のアップ	close-up_hair	髪のクローズアップ
髪フェチ	髪フェチのシチュエーション (14個)	髪全体	full_hair_view	髪全体が見える
髪フェチ	髪フェチのシチュエーション (14個)	髪のサイド	side_hair_view	横からの髪
髪フェチ	髪フェチのシチュエーション (14個)	髪を頭にまとめる	hair_gathered_on_head	髪を頭にまとめている
髪フェチ	髪フェチのシチュエーション (14個)	髪が垂れる	hair_hanging_down	髪が垂れている
髪フェチ	髪フェチのシチュエーション (14個)	髪が流れる	hair_streaming	髪が流れている
髪フェチ	髪フェチのシチュエーション (14個)	髪に光が当たる	backlit_hair	逆光で髪が光る
髪フェチ	髪フェチのシチュエーション (14個)	髪が光る	glowing_hair	光を反射する髪
髪フェチ	髪フェチのシチュエーション (14個)	髪が揺れる	hair_swaying	髪が揺れている
髪フェチ	髪フェチのシチュエーション (14個)	髪がそよ風	hair_in_breeze	そよ風で髪が動いている
髪フェチ	髪フェチのシチュエーション (14個)	髪が絡む	entangled_hair	髪が絡んでいる
髪フェチ	髪フェチの組み合わせプロンプト (12個)	髪+光	glossy_hair, shine, backlit	光が当たった髪
髪フェチ	髪フェチの組み合わせプロンプト (12個)	髪+風	hair_flowing, wind	風になびく髪
髪フェチ	髪フェチの組み合わせプロンプト (12個)	髪+香り	fragrant_hair, beautiful	香りのある髪
髪フェチ	髪フェチの組み合わせプロンプト (12個)	髪+流れ	hair_cascading, flowing	髪が流れている
髪フェチ	髪フェチの組み合わせプロンプト (12個)	髪+長さ	long_hair, waist_length	長い髪
髪フェチ	髪フェチの組み合わせプロンプト (12個)	髪+触れる	touching_hair, hand_through_hair	髪に触れている
髪フェチ	髪フェチの組み合わせプロンプト (12個)	髪+顔	hair_over_face, romantic	髪が顔にかかっている
髪フェチ	髪フェチの組み合わせプロンプト (12個)	髪+舞う	hair_floating, particles	髪が舞っている
髪フェチ	髪フェチの組み合わせプロンプト (12個)	髪+後ろ姿	back_view, flowing_hair	後ろ姿で髪が見える
髪フェチ	髪フェチの組み合わせプロンプト (12個)	髪+なびく	hair_waving, gentle_breeze	髪が優雅になびいている
髪フェチ	髪フェチの組み合わせプロンプト (12個)	髪+つや	lustrous_hair, shiny	つやのある髪
髪フェチ	髪フェチの組み合わせプロンプト (12個)	髪+垂れ	hair_hanging, long	髪が垂れている
目・瞳フェチ	瞳のレベル別 (16個)	ほのかな輝き	faint_sparkle	ほのかに見える輝き
目・瞳フェチ	瞳のレベル別 (16個)	薄い輝き	subtle_sparkle	薄くうっすら見える輝き
目・瞳フェチ	瞳のレベル別 (16個)	きらめく瞳	twinkling_eyes	きらめく瞳
目・瞳フェチ	瞳のレベル別 (16個)	キラキラ目	sparkling_eyes	輝く瞳
目・瞳フェチ	瞳のレベル別 (16個)	うるうる目	dewy_eyes	潤んだ目
目・瞳フェチ	瞳のレベル別 (16個)	大きな瞳	large_eyes	大きくて印象的な目
目・瞳フェチ	瞳のレベル別 (16個)	澄んだ目	clear_eyes	澄んだ目
目・瞳フェチ	瞳のレベル別 (16個)	深い目	deep_eyes	深い目
目・瞳フェチ	瞳のレベル別 (16個)	優しい瞳	gentle_eyes	優しい瞳
目・瞳フェチ	瞳のレベル別 (16個)	鋭い目	sharp_eyes	鋭い目
目・瞳フェチ	瞳のレベル別 (16個)	神秘的な目	mysterious_eyes	神秘的な目
目・瞳フェチ	瞳のレベル別 (16個)	妖艶な目	seductive_eyes	妖艶な目
目・瞳フェチ	瞳のレベル別 (16個)	切ない目	melancholic_eyes	切ない目
目・瞳フェチ	瞳のレベル別 (16個)	無邪気な目	innocent_eyes	無邪気な目
目・瞳フェチ	瞳のレベル別 (16個)	涙目	tearful_eyes	涙がある目
目・瞳フェチ	瞳のレベル別 (16個)	光を反射	reflective_eyes	光を反射する目
目・瞳フェチ	瞳の色・見た目 (15個)	瞳孔	pupils	瞳孔が見える
目・瞳フェチ	瞳の色・見た目 (15個)	瞳に映る光	light_reflection_in_eyes	瞳に光が映っている
目・瞳フェチ	瞳の色・見た目 (15個)	瞳の色鮮やか	vivid_eye_color	目の色が鮮やか
目・瞳フェチ	瞳の色・見た目 (15個)	黒い瞳	black_eyes	黒い瞳
目・瞳フェチ	瞳の色・見た目 (15個)	紫色の瞳	purple_eyes	紫色の瞳
目・瞳フェチ	瞳の色・見た目 (15個)	青い瞳	blue_eyes	青い瞳
目・瞳フェチ	瞳の色・見た目 (15個)	赤い瞳	red_eyes	赤い瞳
目・瞳フェチ	瞳の色・見た目 (15個)	金色の瞳	golden_eyes	金色の瞳
目・瞳フェチ	瞳の色・見た目 (15個)	緑の瞳	green_eyes	緑色の瞳
目・瞳フェチ	瞳の色・見た目 (15個)	虹色の瞳	rainbow_eyes	虹色の瞳
目・瞳フェチ	瞳の色・見た目 (15個)	グラデーション瞳	gradient_eyes	グラデーション瞳
目・瞳フェチ	瞳の色・見た目 (15個)	猫目	cat_eyes	猫目
目・瞳フェチ	瞳の色・見た目 (15個)	瞳の淵	eye_outline	瞳の淵が強調
目・瞳フェチ	瞳の色・見た目 (15個)	まつげ	eyelashes	長く美しいまつげ
目・瞳フェチ	瞳の色・見た目 (15個)	瞳の輝き	eye_sparkle	瞳の輝き
目・瞳フェチ	目・瞳フェチのシチュエーション (14個)	じっと見つめる	staring	じっと見つめている
目・瞳フェチ	目・瞳フェチのシチュエーション (14個)	上目遣い	looking_up	下から見上げた瞳
目・瞳フェチ	目・瞳フェチのシチュエーション (14個)	瞳孔散大	dilated_pupils	瞳が開いた状態
目・瞳フェチ	目・瞳フェチのシチュエーション (14個)	瞳孔縮小	constricted_pupils	瞳が閉じた状態
目・瞳フェチ	目・瞳フェチのシチュエーション (14個)	ウィンク	winking	片目をウィンク
目・瞳フェチ	目・瞳フェチのシチュエーション (14個)	両目ウィンク	both_eyes_winking	両目をウィンク
目・瞳フェチ	目・瞳フェチのシチュエーション (14個)	目を見開く	wide_eyes	目を見開いている
目・瞳フェチ	目・瞳フェチのシチュエーション (14個)	目を閉じる	eyes_closed	目を閉じている
目・瞳フェチ	目・瞳フェチのシチュエーション (14個)	半目	half-closed_eyes	半開きの目
目・瞳フェチ	目・瞳フェチのシチュエーション (14個)	流し目	glancing	流し目
目・瞳フェチ	目・瞳フェチのシチュエーション (14個)	目の周り メイク	eye_makeup	目の周りがメイクされている
目・瞳フェチ	目・瞳フェチのシチュエーション (14個)	涙が流れる	tears_falling	涙が流れている
目・瞳フェチ	目・瞳フェチのシチュエーション (14個)	涙目	tearful	涙目
目・瞳フェチ	目・瞳フェチのシチュエーション (14個)	目のアップ	close-up_eyes	目のクローズアップ
目・瞳フェチ	目・瞳フェチの組み合わせプロンプト (12個)	瞳+涙	large_eyes, tears_falling	大きな目と涙
目・瞳フェチ	目・瞳フェチの組み合わせプロンプト (12個)	瞳+光	sparkling_eyes, light_reflection	光が映った瞳
目・瞳フェチ	目・瞳フェチの組み合わせプロンプト (12個)	瞳+キラキラ	twinkling_eyes, shiny	キラキラした瞳
目・瞳フェチ	目・瞳フェチの組み合わせプロンプト (12個)	瞳+潤い	dewy_eyes, moist	潤んだ瞳
目・瞳フェチ	目・瞳フェチの組み合わせプロンプト (12個)	瞳+うるうる	glossy_eyes, wet	つやのある瞳
目・瞳フェチ	目・瞳フェチの組み合わせプロンプト (12個)	瞳+色鮮やか	vivid_eye_color, saturated	色鮮やかな瞳
目・瞳フェチ	目・瞳フェチの組み合わせプロンプト (12個)	瞳+まつげ	long_eyelashes, sparkle	長いまつげと瞳
目・瞳フェチ	目・瞳フェチの組み合わせプロンプト (12個)	瞳+上目遣い	looking_up, large_eyes	上目遣いの大きな瞳
目・瞳フェチ	目・瞳フェチの組み合わせプロンプト (12個)	瞳+じっと見つめる	staring, intense_eyes	じっと見つめている瞳
目・瞳フェチ	目・瞳フェチの組み合わせプロンプト (12個)	瞳+深い	deep_eyes, mysterious	深い瞳
目・瞳フェチ	目・瞳フェチの組み合わせプロンプト (12個)	瞳+無邪気	innocent_eyes, pure	無邪気な瞳
目・瞳フェチ	目・瞳フェチの組み合わせプロンプト (12個)	瞳+愛らしい	adorable_eyes, cute	愛らしい瞳
口・唇フェチ	唇のレベル別 (16個)	ほのかな唇	faint_lips	ほのかに見える唇
口・唇フェチ	唇のレベル別 (16個)	薄い唇	subtle_lips	薄くうっすら見える唇
口・唇フェチ	唇のレベル別 (16個)	きれいな唇	beautiful_lips	きれいな唇
口・唇フェチ	唇のレベル別 (16個)	ぷっくり唇	plump_lips	ふっくらした唇
口・唇フェチ	唇のレベル別 (16個)	厚い唇	full_lips	厚い唇
口・唇フェチ	唇のレベル別 (16個)	薄い唇	thin_lips	薄い唇
口・唇フェチ	唇のレベル別 (16個)	ふっくら	puffy_lips	ふっくらとした唇
口・唇フェチ	唇のレベル別 (16個)	ツヤツヤ唇	glossy_lips	つやのある唇
口・唇フェチ	唇のレベル別 (16個)	艶やか	lustrous_lips	艶やかな唇
口・唇フェチ	唇のレベル別 (16個)	キューピッド唇	cupid's_bow_lips	キューピッド唇
口・唇フェチ	唇のレベル別 (16個)	心形唇	heart-shaped_lips	ハート形の唇
口・唇フェチ	唇のレベル別 (16個)	セクシー唇	seductive_lips	セクシーな唇
口・唇フェチ	唇のレベル別 (16個)	柔らかい唇	soft_lips	柔らかそうな唇
口・唇フェチ	唇のレベル別 (16個)	敏感そう唇	sensitive_lips	敏感そうな唇
口・唇フェチ	唇のレベル別 (16個)	魅力的唇	charming_lips	魅力的な唇
口・唇フェチ	唇のレベル別 (16個)	唇の香り	fragrant_lips	香りのある唇
口・唇フェチ	唇の色・装飾 (13個)	赤い唇	red_lips	赤くリップが塗られている
口・唇フェチ	唇の色・装飾 (13個)	ピンク唇	pink_lips	ピンク色の唇
口・唇フェチ	唇の色・装飾 (13個)	淡いピンク	pale_pink_lips	淡いピンク色
口・唇フェチ	唇の色・装飾 (13個)	紫唇	purple_lips	紫色の唇
口・唇フェチ	唇の色・装飾 (13個)	グロス	lip_gloss	唇がツヤツヤしている
口・唇フェチ	唇の色・装飾 (13個)	リップスティック	lipstick	口紅が塗られている
口・唇フェチ	唇の色・装飾 (13個)	キラキラリップ	glittery_lips	キラキラしたリップ
口・唇フェチ	唇の色・装飾 (13個)	マットリップ	matte_lips	マット質のリップ
口・唇フェチ	唇の色・装飾 (13個)	グラデーション唇	gradient_lips	グラデーション唇
口・唇フェチ	唇の色・装飾 (13個)	リップペンシル	lip_liner	唇の輪郭が引かれている
口・唇フェチ	唇の色・装飾 (13個)	リップティント	lip_tint	ティント系のリップ
口・唇フェチ	唇の色・装飾 (13個)	リップピアス	lip_piercing	唇にピアス
口・唇フェチ	唇の色・装飾 (13個)	唇への光	lip_shine	唇にハイライト
口・唇フェチ	口・唇フェチのシチュエーション (14個)	口を開く	open_mouth	口を開いた状態
口・唇フェチ	口・唇フェチのシチュエーション (14個)	舌を出す	tongue_out	舌が出ている
口・唇フェチ	口・唇フェチのシチュエーション (14個)	キスのポーズ	kiss_pose	キスをしようとしている唇
口・唇フェチ	口・唇フェチのシチュエーション (14個)	唇を噛む	biting_lip	唇を噛んでいる
口・唇フェチ	口・唇フェチのシチュエーション (14個)	唇をなめる	licking_lips	唇をなめている
口・唇フェチ	口・唇フェチのシチュエーション (14個)	唇を合わせる	closed_lips	唇を閉じている
口・唇フェチ	口・唇フェチのシチュエーション (14個)	半開き	half_open_mouth	半開きの口
口・唇フェチ	口・唇フェチのシチュエーション (14個)	口元の笑み	smile	口元が見える笑顔
口・唇フェチ	口・唇フェチのシチュエーション (14個)	口に指	finger_in_mouth	指が口に入っている
口・唇フェチ	口・唇フェチのシチュエーション (14個)	舌を舐める	licking_tongue	舌を出す仕草
口・唇フェチ	口・唇フェチのシチュエーション (14個)	唇を吸う	sucking_lips	唇を吸っている
口・唇フェチ	口・唇フェチのシチュエーション (14個)	唇のアップ	close-up_lips	唇のクローズアップ
口・唇フェチ	口・唇フェチのシチュエーション (14個)	口角上がる	smirk	口角が上がっている
口・唇フェチ	口・唇フェチのシチュエーション (14個)	口元に汗	sweat_on_lips	唇に汗がある
口・唇フェチ	口・唇フェチの組み合わせプロンプト (12個)	唇+涙	beautiful_lips, tears	唇と涙
口・唇フェチ	口・唇フェチの組み合わせプロンプト (12個)	唇+舌	plump_lips, tongue_out	唇と舌
口・唇フェチ	口・唇フェチの組み合わせプロンプト (12個)	唇+光	glossy_lips, shine	光が当たった唇
口・唇フェチ	口・唇フェチの組み合わせプロンプト (12個)	唇+色鮮やか	red_lips, vivid	色鮮やかな唇
口・唇フェチ	口・唇フェチの組み合わせプロンプト (12個)	唇+グロス	lip_gloss, shiny	グロスがかかった唇
口・唇フェチ	口・唇フェチの組み合わせプロンプト (12個)	唇+キス	kiss_pose, red_lips	キスポーズとリップ
口・唇フェチ	口・唇フェチの組み合わせプロンプト (12個)	唇+指	finger_in_mouth, plump_lips	指と唇
口・唇フェチ	口・唇フェチの組み合わせプロンプト (12個)	唇+歯	white_teeth, beautiful_lips	唇と白い歯
口・唇フェチ	口・唇フェチの組み合わせプロンプト (12個)	唇+メイク	makeup, red_lipstick	唇のメイク
口・唇フェチ	口・唇フェチの組み合わせプロンプト (12個)	唇+吸う	sucking_lips, sensual	唇を吸う仕草
口・唇フェチ	口・唇フェチの組み合わせプロンプト (12個)	唇+なめる	licking_lips, tongue	唇をなめる仕草
口・唇フェチ	口・唇フェチの組み合わせプロンプト (12個)	唇+セクシー	seductive_lips, charming	セクシーな唇
肌フェチ	肌のレベル別 (16個)	ほのかなツヤ	faint_skin_shine	ほのかに見える肌のツヤ
肌フェチ	肌のレベル別 (16個)	薄いツヤ	subtle_skin_glow	薄くうっすら見えるツヤ
肌フェチ	肌のレベル別 (16個)	透明感	translucent_skin	透け感のある肌
肌フェチ	肌のレベル別 (16個)	つるつる肌	smooth_skin	つるつるした肌
肌フェチ	肌のレベル別 (16個)	白い肌	fair_skin	明るい肌色
肌フェチ	肌のレベル別 (16個)	色白	pale_skin	青白い肌
肌フェチ	肌のレベル別 (16個)	ツヤツヤ肌	glossy_skin	つやのある肌
肌フェチ	肌のレベル別 (16個)	艶やか肌	lustrous_skin	艶やかな肌
肌フェチ	肌のレベル別 (16個)	光沢肌	shiny_skin	つやつやの肌
肌フェチ	肌のレベル別 (16個)	ベビー肌	baby_skin	つるつるの肌
肌フェチ	肌のレベル別 (16個)	つぶつぶなし	unblemished	汚れのない肌
肌フェチ	肌のレベル別 (16個)	陶製肌	porcelain_skin	陶製のような肌
肌フェチ	肌のレベル別 (16個)	絹のような肌	silken_skin	絹のような肌
肌フェチ	肌のレベル別 (16個)	光沢のある肌	iridescent_skin	虹色に光る肌
肌フェチ	肌のレベル別 (16個)	敏感肌	sensitive_skin	敏感そうな肌
肌フェチ	肌のレベル別 (16個)	透明肌	clear_skin	透明感のある肌
肌フェチ	肌の状態・質感 (16個)	汗ばんだ肌	sweaty_skin	汗がかかっている肌
肌フェチ	肌の状態・質感 (16個)	濡れた肌	wet_skin	濡れている肌
肌フェチ	肌の状態・質感 (16個)	光沢肌	glossy_skin	つやのある肌
肌フェチ	肌の状態・質感 (16個)	露出肌	exposed_skin	肌が見えている
肌フェチ	肌の状態・質感 (16個)	日焼け肌	tanned_skin	日焼けした肌
肌フェチ	肌の状態・質感 (16個)	日焼け跡	tan_lines	日焼けの跡が見える
肌フェチ	肌の状態・質感 (16個)	そばかす	freckles	そばかすがある
肌フェチ	肌の状態・質感 (16個)	ほくろ	beauty_mark	ほくろがある
肌フェチ	肌の状態・質感 (16個)	肌のテクスチャ	skin_texture	肌の質感が細かく見える
肌フェチ	肌の状態・質感 (16個)	ツルツル肌	silky_skin	絹のような肌
肌フェチ	肌の状態・質感 (16個)	肌の艶	skin_radiance	肌の艶やかさ
肌フェチ	肌の状態・質感 (16個)	肌のハイライト	skin_highlight	肌の明るい部分
肌フェチ	肌の状態・質感 (16個)	肌に光	skin_shine	肌に光が当たっている
肌フェチ	肌の状態・質感 (16個)	肌の陰影	skin_shadow	肌の陰影が見える
肌フェチ	肌の状態・質感 (16個)	肌のグラデーション	skin_gradient	肌の色が段階的に変わる
肌フェチ	肌の状態・質感 (16個)	肌の香り	fragrant_skin	香りのある肌
肌フェチ	肌フェチのシチュエーション (12個)	肌を触る	touching_skin	肌に手が触れている
肌フェチ	肌フェチのシチュエーション (12個)	肌をなでる	stroking_skin	肌をなでている
肌フェチ	肌フェチのシチュエーション (12個)	肌に顔を近づける	close_to_skin	肌に顔を近づけている
肌フェチ	肌フェチのシチュエーション (12個)	肌に口づけ	kissing_skin	肌にキスをしている
肌フェチ	肌フェチのシチュエーション (12個)	肌の露出	skin_exposure	肌が多く見える
肌フェチ	肌フェチのシチュエーション (12個)	上半身裸	topless	上半身がない衣装
肌フェチ	肌フェチのシチュエーション (12個)	肌のアップ	close-up_skin	肌のクローズアップ
肌フェチ	肌フェチのシチュエーション (12個)	全身肌	full_body_skin	全身の肌が見える
肌フェチ	肌フェチのシチュエーション (12個)	肌に光が当たる	backlit_skin	逆光で肌が光る
肌フェチ	肌フェチのシチュエーション (12個)	肌が光る	glowing_skin	光を反射する肌
肌フェチ	肌フェチのシチュエーション (12個)	肌の詳細	detailed_skin	肌の詳細が見える
肌フェチ	肌フェチのシチュエーション (12個)	肌に映る光	light_on_skin	肌に光が映っている
肌フェチ	肌フェチの組み合わせプロンプト (12個)	肌+汗	glossy_skin, sweaty, glistening	肌と汗
肌フェチ	肌フェチの組み合わせプロンプト (12個)	肌+光	luminous_skin, shine	光が当たった肌
肌フェチ	肌フェチの組み合わせプロンプト (12個)	肌+透明感	translucent_skin, fair	肌と透明感
肌フェチ	肌フェチの組み合わせプロンプト (12個)	肌+ツヤ	lustrous_skin, radiant	つやのある肌
肌フェチ	肌フェチの組み合わせプロンプト (12個)	肌+露出	exposed_skin, delicate	肌の露出
肌フェチ	肌フェチの組み合わせプロンプト (12個)	肌+湿った	dewy_skin, moist	湿った肌
肌フェチ	肌フェチの組み合わせプロンプト (12個)	肌+日焼け跡	tanned_skin, tan_lines	肌と日焼け跡
肌フェチ	肌フェチの組み合わせプロンプト (12個)	肌+そばかす	fair_skin, freckles	肌とそばかす
肌フェチ	肌フェチの組み合わせプロンプト (12個)	肌+ほくろ	pale_skin, beauty_mark	肌とほくろ
肌フェチ	肌フェチの組み合わせプロンプト (12個)	肌+触れる	soft_skin, touching	肌に触れている
肌フェチ	肌フェチの組み合わせプロンプト (12個)	肌+詳細	detailed_skin, texture	肌の詳細
肌フェチ	肌フェチの組み合わせプロンプト (12個)	肌+全身	full_body, smooth_skin	全身の肌
衣装フェチ	衣装素材別 (16個)	透け素材	see-through_fabric	透ける素材の衣装
衣装フェチ	衣装素材別 (16個)	ぴったり衣装	tight_clothing	体にぴったりした衣装
衣装フェチ	衣装素材別 (16個)	レース	lace	レース素材
衣装フェチ	衣装素材別 (16個)	シースルー	sheer	シースルー素材
衣装フェチ	衣装素材別 (16個)	ラテックス	latex	ラテックス素材
衣装フェチ	衣装素材別 (16個)	皮	leather	革製
衣装フェチ	衣装素材別 (16個)	サテン	satin	サテン素材
衣装フェチ	衣装素材別 (16個)	薄い素材	thin_fabric	薄い生地
衣装フェチ	衣装素材別 (16個)	光沢素材	glossy_material	つやのある素材
衣装フェチ	衣装素材別 (16個)	シルク	silk	シルク素材
衣装フェチ	衣装素材別 (16個)	ネット	mesh	メッシュ素材
衣装フェチ	衣装素材別 (16個)	フェイスアップ	fabric_texture	素材の質感が見える
衣装フェチ	衣装素材別 (16個)	ビニール	vinyl	ビニール素材
衣装フェチ	衣装素材別 (16個)	ファー	fur	ファー素材
衣装フェチ	衣装素材別 (16個)	リボン	ribbon	リボン素材
衣装フェチ	衣装素材別 (16個)	透けた衣装	translucent_clothing	透けた衣装
衣装フェチ	衣装のカット・デザイン (16個)	スリット	slit	脚が見えるスリット
衣装フェチ	衣装のカット・デザイン (16個)	カットアウト	cutout	衣装に切り抜きがある
衣装フェチ	衣装のカット・デザイン (16個)	胸カット	breast_cutout	胸が見える切り抜き
衣装フェチ	衣装のカット・デザイン (16個)	へそカット	navel_cutout	へそが見える切り抜き
衣装フェチ	衣装のカット・デザイン (16個)	股間カット	crotch_cutout	股間が見える切り抜き
衣装フェチ	衣装のカット・デザイン (16個)	背中開き	open_back	背中が見える
衣装フェチ	衣装のカット・デザイン (16個)	肩出し	off-shoulder	肩が出ている
衣装フェチ	衣装のカット・デザイン (16個)	へそ出し	crop_top	へそが出ている衣装
衣装フェチ	衣装のカット・デザイン (16個)	胸元ざっくり	deep_neckline	胸元が大きく開いている
衣装フェチ	衣装のカット・デザイン (16個)	ハイレグ	high-leg	ハイレグのカット
衣装フェチ	衣装のカット・デザイン (16個)	ビキニ	bikini_cut	ビキニのようなカット
衣装フェチ	衣装のカット・デザイン (16個)	ハイウエスト	high_waist	ハイウエスト
衣装フェチ	衣装のカット・デザイン (16個)	ローウエスト	low_waist	ローウエスト
衣装フェチ	衣装のカット・デザイン (16個)	ワンショルダー	one_shoulder	片肩が出ている
衣装フェチ	衣装のカット・デザイン (16個)	フロントオープン	open_front	前が開いている
衣装フェチ	衣装のカット・デザイン (16個)	バックレス	backless	後ろが見える状態
衣装フェチ	衣装フェチのシチュエーション (14個)	衣装ピッタリ	clothing_tight_fit	衣装が体にぴったり
衣装フェチ	衣装フェチのシチュエーション (14個)	衣装ズレ	wardrobe_malfunction	衣装がずれている
衣装フェチ	衣装フェチのシチュエーション (14個)	衣装が透ける	see-through_clothing	衣装が透けている
衣装フェチ	衣装フェチのシチュエーション (14個)	衣装の皺	clothing_wrinkles	衣装のしわが見える
衣装フェチ	衣装フェチのシチュエーション (14個)	衣装のシワ強調	fabric_folds	衣装のひだが見える
衣装フェチ	衣装フェチのシチュエーション (14個)	胸の膨らみ	chest_bulge	胸が衣装で盛り上がっている
衣装フェチ	衣装フェチのシチュエーション (14個)	ヒップラインが出ている	hip_line	ヒップラインが見える
衣装フェチ	衣装フェチのシチュエーション (14個)	衣装の装飾	ornate_clothing	豪華な衣装
衣装フェチ	衣装フェチのシチュエーション (14個)	衣装の素材感	material_texture	衣装の素材感が見える
衣装フェチ	衣装フェチのシチュエーション (14個)	衣装が濡れている	wet_clothing	衣装が濡れている
衣装フェチ	衣装フェチのシチュエーション (14個)	衣装が汗で濡れている	sweat-soaked	汗で濡れた衣装
衣装フェチ	衣装フェチのシチュエーション (14個)	衣装が光る	glossy_clothing	つやのある衣装
衣装フェチ	衣装フェチのシチュエーション (14個)	半脱ぎ	partially_undressed	衣装を半分脱いだ状態
衣装フェチ	衣装フェチのシチュエーション (14個)	衣装のアップ	close-up_clothing	衣装のクローズアップ
衣装フェチ	衣装フェチの組み合わせプロンプト (12個)	衣装+透け	see-through, transparent	衣装と透け素材
衣装フェチ	衣装フェチの組み合わせプロンプト (12個)	衣装+ぴったり	tight, form-fitting	ぴったりした衣装
衣装フェチ	衣装フェチの組み合わせプロンプト (12個)	衣装+光	glossy_material, shine	光が当たった衣装
衣装フェチ	衣装フェチの組み合わせプロンプト (12個)	衣装+濡れている	wet_clothing, dripping	濡れた衣装
衣装フェチ	衣装フェチの組み合わせプロンプト (12個)	衣装+汗	sweat-soaked, damp	汗で濡れた衣装
衣装フェチ	衣装フェチの組み合わせプロンプト (12個)	衣装+ズレ	shifted_clothing, exposed	ずれた衣装
衣装フェチ	衣装フェチの組み合わせプロンプト (12個)	衣装+スリット	high_slit, leg_exposure	スリット衣装
衣装フェチ	衣装フェチの組み合わせプロンプト (12個)	衣装+カットアウト	cutout_design, exposed_skin	カットアウト衣装
衣装フェチ	衣装フェチの組み合わせプロンプト (12個)	衣装+ラテックス	latex, shiny, tight	ラテックス衣装
衣装フェチ	衣装フェチの組み合わせプロンプト (12個)	衣装+透け感	semi-transparent, see-through	透け感のある衣装
衣装フェチ	衣装フェチの組み合わせプロンプト (12個)	衣装+シワ	fabric_wrinkles, detailed	衣装のシワが見える
衣装フェチ	衣装フェチの組み合わせプロンプト (12個)	衣装+素材感	material_texture, detailed	衣装の素材感が見える
複合フェチ	フェチの複合組み合わせ (20個)	脚+ニーハイ+絶対領域	beautiful legs, knee-high socks, zettai ryouiki	脚線美とニーハイと絶対領域の完璧な組み合わせ
複合フェチ	フェチの複合組み合わせ (20個)	脚+ホットパンツ+腹筋	long legs, hot pants, defined abs	脚とホットパンツと腹筋
複合フェチ	フェチの複合組み合わせ (20個)	腋+ノースリーブ+汗	exposed armpits, sleeveless, sweaty	腋と汗
複合フェチ	フェチの複合組み合わせ (20個)	唇+目+涙	beautiful lips, large eyes, tears falling	唇と目と涙
複合フェチ	フェチの複合組み合わせ (20個)	髪+肌+光	silky hair, glossy skin, shine	髪と肌と光
複合フェチ	フェチの複合組み合わせ (20個)	尻+ホットパンツ+脚	big ass, hot pants, long legs	お尻とホットパンツと脚
複合フェチ	フェチの複合組み合わせ (20個)	手+髪+顔	beautiful hands, touching hair, face	手と髪と顔
複合フェチ	フェチの複合組み合わせ (20個)	首+チョーカー+肌	exposed neck, choker, fair skin	首とチョーカーと肌
複合フェチ	フェチの複合組み合わせ (20個)	肌+汗+光	glossy skin, sweaty, shine	肌と汗と光
複合フェチ	フェチの複合組み合わせ (20個)	衣装+透け+肌	see-through clothing, exposed skin	衣装と透け素材と肌
複合フェチ	フェチの複合組み合わせ (20個)	全身+ニーハイ+ツインテール	full body, knee-high socks, twintails	全身でニーハイとツインテール
複合フェチ	フェチの複合組み合わせ (20個)	脚+制服+上目遣い	beautiful legs, school uniform, looking up	脚と制服と上目遣い
複合フェチ	フェチの複合組み合わせ (20個)	腹筋+へそ+へそピアス	defined abs, exposed navel, navel piercing	腹筋とへそとへそピアス
複合フェチ	フェチの複合組み合わせ (20個)	尻+椅子+座り	sitting, big ass, emphasize	座った状態でお尻が強調
複合フェチ	フェチの複合組み合わせ (20個)	肌+濡れた+光	wet skin, glossy, shine	濡れた肌と光
複合フェチ	フェチの複合組み合わせ (20個)	脚+透け衣装+脚見え	beautiful legs, see-through, leg exposure	脚と透け衣装
複合フェチ	フェチの複合組み合わせ (20個)	唇+髪+優雅	beautiful lips, silky hair, graceful	唇と髪と優雅さ
複合フェチ	フェチの複合組み合わせ (20個)	目+睫毛+涙	large eyes, long eyelashes, tears	目と睫毛と涙
複合フェチ	フェチの複合組み合わせ (20個)	腋+体操着+筋肉	exposed armpits, gym clothes, muscular	腋と体操着と筋肉
複合フェチ	フェチの複合組み合わせ (20個)	首+肌+光+透明感	exposed neck, fair skin, shine, translucent	首と肌と光と透明感